date,description,amount
2026-01-02,ACME PAYROLL,2450.00
2026-01-03,RENT PAYMENT,-950.00
2026-01-04,NETFLIX,-10.99
2026-01-05,TESCO STORES,-68.42
2026-01-08,TFL TRAVEL,-29.80
2026-01-10,PRET A MANGER,-8.75
2026-01-12,SPOTIFY,-11.99
2026-01-15,AMAZON MARKETPLACE,-39.50
2026-01-18,OCTOPUS ENERGY,-84.00
2026-01-21,PUREGYM,-24.99
2026-02-02,ACME PAYROLL,2450.00
2026-02-03,RENT PAYMENT,-950.00
2026-02-04,NETFLIX,-10.99
2026-02-06,SAINSBURYS,-72.10
2026-02-07,TFL TRAVEL,-31.25
2026-02-11,PRET A MANGER,-12.45
2026-02-12,SPOTIFY,-11.99
2026-02-16,ARGOS,-89.99
2026-02-18,OCTOPUS ENERGY,-84.00
2026-02-21,PUREGYM,-24.99
2026-03-02,ACME PAYROLL,2450.00
2026-03-03,RENT PAYMENT,-950.00
2026-03-04,NETFLIX,-10.99
2026-03-05,ALDI,-61.30
2026-03-08,TFL TRAVEL,-26.90
2026-03-11,LOCAL RESTAURANT,-42.60
2026-03-12,SPOTIFY,-11.99
2026-03-17,IKEA,-74.00
2026-03-18,OCTOPUS ENERGY,-84.00
2026-03-21,PUREGYM,-24.99
2026-04-02,ACME PAYROLL,2450.00
2026-04-03,RENT PAYMENT,-950.00
2026-04-04,NETFLIX,-10.99
2026-04-06,TESCO STORES,-79.22
2026-04-08,TFL TRAVEL,-35.10
2026-04-10,DELIVEROO,-27.80
2026-04-12,SPOTIFY,-11.99
2026-04-18,OCTOPUS ENERGY,-84.00
2026-04-21,PUREGYM,-24.99
2026-04-23,ZARA,-63.00
2026-05-02,ACME PAYROLL,2450.00
2026-05-03,RENT PAYMENT,-950.00
2026-05-04,NETFLIX,-10.99
2026-05-05,WAITROSE,-82.35
2026-05-09,TFL TRAVEL,-28.40
2026-05-12,SPOTIFY,-11.99
2026-05-18,OCTOPUS ENERGY,-84.00
2026-05-21,PUREGYM,-24.99
2026-05-25,CINEMA,-18.50
2026-06-02,ACME PAYROLL,2450.00
2026-06-03,RENT PAYMENT,-950.00
2026-06-04,NETFLIX,-10.99
2026-06-07,LIDL,-58.75
2026-06-08,TFL TRAVEL,-33.00
2026-06-12,SPOTIFY,-11.99
2026-06-14,AMAZON MARKETPLACE,-27.30
2026-06-18,OCTOPUS ENERGY,-84.00
2026-06-21,PUREGYM,-24.99
